{
    "MEASUREMENT": {
        "FEET": 12,
        "INCH": 1,
        "YARD": 36,
<<<<<<< HEAD
        "CM": 0.393700787,
        "GALLON": 3.785,
        "LITRE": 1.0,
        "ML":0.001
=======
        "CM": 0.393700787
>>>>>>> 5290d07a037f699c1f431cbec36007f495d0b611
    }
}